이름,도로명주소,Latitude,Longitude,구
신사파출소,서울 강남구 도산대로 143,37.5183334,127.0241702,강남구
개포지구대,서울 강남구 선릉로 35 1층,37.5006784,127.0489432,강남구
대치지구대,서울 강남구 삼성로 203,37.4947493,127.0624809,강남구
논현1파출소,서울 강남구 학동로 169,37.5138791,127.0293066,강남구
압구정파출소,서울 강남구 압구정로 311,37.5293416,127.0355918,강남구
도곡역 대치지구대 방향 대여소,서울 강남구 대치동 670,37.4927927,127.0557447,강남구
청담파출소,서울 강남구 학동로95길 19,37.5210873,127.053227,강남구
논현2파출소,서울 강남구 학동로 227,37.5152074,127.0338473,강남구
삼성1파출소,서울 강남구 영동대로112길 4,37.5148489,127.0605684,강남구
일원지구대,서울 강남구 영동대로3길 27,37.50727,127.0639018,강남구
역삼지구대,서울 강남구 언주로108길 20,37.5083524,127.0409897,강남구
압구정파출소 앞 대여소,서울 강남구 압구정로 311,37.5293416,127.0355918,강남구
수서파출소,서울 강남구 밤고개로1길 48,37.4891379,127.1047973,강남구
도곡지구대,서울 강남구 언주로 426,37.5055798,127.0414738,강남구
대왕파출소,서울 강남구 헌릉로 623,37.4651386,127.107375,강남구
삼성2파출소,서울 강남구 선릉로 626,37.5123831,127.0433888,강남구
성내지구대,서울 강동구 성내로 57 1층,37.5286822,127.1267357,강동구
명일파출소 공영주차장,서울 강동구 명일동 47-9,37.5536013,127.1558989,강동구
강일파출소,서울 강동구 아리수로91길 20,37.5648437,127.1732748,강동구
둔촌파출소,서울 강동구 양재대로 1340,37.5408397,127.1405618,강동구
명일파출소 개방화장실,서울 강동구 동남로 895,37.5536205,127.1560818,강동구
명일파출소 대여소,서울 강동구 명일동 47-20,37.5535784,127.1562073,강동구
천호1동주민센터,서울 강동구 구천면로42길 59,37.54505,127.1368011,강동구
상일파출소 옆 대여소,서울 강동구 상일동 519-3,37.5567754,127.168045,강동구
상일파출소,서울 강동구 고덕로80길 7,37.5561836,127.1658284,강동구
둔촌파출소 개방화장실,서울 강동구 진황도로 239,37.5253425,127.1456295,강동구
강일지구대 개방화장실,서울 강동구 아리수로91길 20,37.5648437,127.1732748,강동구
명일파출소,서울 강동구 동남로 895,37.5536205,127.1560818,강동구
암사지구대,서울 강동구 고덕로 137,37.5549715,127.1408199,강동구
길동지구대,서울 강동구 진황도로 239,37.5253425,127.1456295,강동구
천호지구대 개방화장실,서울 강동구 구천면로 141,37.5426262999999,127.1206616,강동구
천호지구대,서울 강동구 구천면로 141,37.5426262999999,127.1206616,강동구
고덕파출소,서울 강동구 고덕로61길 61,37.5573421,127.1517305,강동구
암사지구대 개방화장실,서울 강동구 고덕로 137,37.5549715,127.1408199,강동구
번3파출소,서울 강북구 월계로 227,37.6236112,127.0481447,강북구
삼양파출소,서울 강북구 삼양로 239-1,37.6248025,127.0181839,강북구
수유3파출소,서울 강북구 한천로150길 76,37.6443456,127.026571,강북구
번동파출소,서울 강북구 한천로 969,37.63599,127.0326008,강북구
문화파출소 강북,서울 강북구 삼양로 457,37.6441756,127.0157862,강북구
인수파출소,서울 강북구 인수봉로 227,37.6394394,127.0123991,강북구
번3파출소 개방화장실,서울 강북구 월계로 227,37.6236112,127.0481447,강북구
수유1파출소 개방화장실,서울 강북구 삼양로 305,37.6306502,127.0175895,강북구
미아지구대,서울 강북구 도봉로 127,37.6201611,127.0282954,강북구
수유2파출소 개방화장실,서울 강북구 삼각산로 115,37.6409113,127.0171016,강북구
인수파출소 개방화장실,서울 강북구 인수봉로 227,37.6394394,127.0123991,강북구
솔샘지구대,서울 강북구 오현로 4,37.6163126,127.0303989,강북구
솔샘지구대 개방화장실,서울 강북구 오현로 4,37.6163126,127.0303989,강북구
번동파출소 개방화장실,서울 강북구 한천로 969,37.63599,127.0326008,강북구
미아지구대 개방화장실,서울 강북구 도봉로 127,37.6201611,127.0282954,강북구
수유1파출소,서울 강북구 삼양로 305,37.6306502,127.0175895,강북구
삼양파출소 개방화장실,서울 강북구 삼양로 239-1,37.6248025,127.0181839,강북구
수유3파출소 개방화장실,서울 강북구 한천로150길 76,37.6443456,127.026571,강북구
수유2파출소,서울 강북구 삼각산로 115,37.6409113,127.0171016,강북구
수유6치안센터,서울 강북구 삼양로 457,37.6441756,127.0157862,강북구
한국방범기동순찰대,서울 강북구 인수봉로23길 57,37.6372691,126.9969894,강북구
송중동33통자율방범초소,서울 강북구 미아동 산 25-67,37.6217879,127.0335887,강북구
가양지구대,서울 강서구 화곡로65길 63,37.5592835,126.85012,강서구
발산파출소 개방화장실,서울 강서구 수명로2길 46,37.5493916,126.8260837,강서구
염창파출소 개방화장실,서울 강서구 염창동 272-1,37.5518991,126.8674085,강서구
까치산지구대,서울 강서구 강서로7길 39,37.5293298,126.8455742,강서구
방화3파출소 개방화장실,서울 강서구 금낭화로26길 16,37.5798086,126.8146637,강서구
곰달래지구대 개방화장실,서울 강서구 곰달래로59길 12,37.5328952,126.8631355,강서구
곰달래지구대,서울 강서구 곰달래로59길 12,37.5328952,126.8631355,강서구
염창지구대,서울 강서구 양천로67길 101,37.5558694,126.8697587,강서구
등촌2파출소,서울 강서구 등촌로 167,37.5447718,126.8619202,강서구
공항지구대,서울 강서구 방화동로 5,37.5623207,126.8082914,강서구
화곡지구대 개방화장실,서울 강서구 화곡동 980-15,37.5516479,126.8499718,강서구
가양지구대 개방화장실,서울 강서구 화곡로65길 63,37.5592835,126.85012,강서구
등촌2파출소 대여소,서울 강서구 등촌동 608-6,37.5447637,126.8620722,강서구
까치산지구대 개방화장실,서울 강서구 강서로7길 35,37.5293573999999,126.8458153,강서구
방화3파출소,서울 강서구 금낭화로26길 16,37.5798086,126.8146637,강서구
공항지구대 개방화장실,서울 강서구 방화동로 5,37.5623207,126.8082914,강서구
발산지구대,서울 강서구 수명로2길 46,37.5493916,126.8260837,강서구
화곡지구대,서울 강서구 화곡로 308,37.5512778,126.8500113,강서구
마곡지구대,서울 강서구 마곡중앙5로 32,37.5670522,126.8232263,강서구
화곡3파출소 개방화장실,서울 강서구 화곡로15길 23,37.5410362,126.8341951,강서구
화곡3파출소,서울 강서구 화곡로15길 23,37.5410362,126.8341951,강서구
남현파출소,서울 관악구 남현1가길 29,37.4745785,126.9779107,관악구
서원치안센터,서울 관악구 신원로 36,37.4818807,126.9292756,관악구
신림지구대,서울 관악구 남부순환로188길 12,37.4840073,126.9333341,관악구
삼성동자율방범초소,서울 관악구 신림동 808-653,37.4714389,126.9314306,관악구
서울관악경찰서 신림지구대 서원동자율방범대,서울 관악구 신림동 808-408,37.4779665,126.9329557,관악구
미성파출소,서울 관악구 난곡로64가길 31,37.4802834,126.9155529,관악구
난우파출소,서울 관악구 난곡로 64,37.4611279,126.919253,관악구
낙성대지구대,서울 관악구 봉천로 540,37.4783559,126.9576109,관악구
구암지구대,서울 관악구 은천로 93,37.4892875,126.9447672,관악구
관악산지구대,서울 관악구 신림로 178,37.4738946,126.9353295,관악구
신사지구대,서울 관악구 신사로 106,37.4873262,126.914224,관악구
당곡지구대,서울 관악구 봉천로 269 1층,37.4882807,126.9313947,관악구
광나루지구대,서울 광진구 아차산로 567,37.5444558,127.1033877,광진구
중곡1파출소,서울 광진구 능동로 385,37.563723,127.0827863,광진구
구의파출소,서울 광진구 광나루로43길 26,37.5458868,127.0916497,광진구
자양파출소,서울 광진구 뚝섬로36길 9,37.5338683,127.0716102,광진구
화양지구대,서울 광진구 능동로17길 39,37.5465432,127.0713406,광진구
중곡3파출소,서울 광진구 동일로76가길 28,37.5688192,127.0801404,광진구
자양1파출소,서울 광진구 자양번영로 80,37.5366309,127.076921,광진구
자양4파출소,서울 광진구 뚝섬로22가길 43,37.5351842,127.0636484,광진구
중곡4파출소,서울 광진구 용마산로24길 7,37.5653353,127.087218,광진구
중곡2파출소,서울 광진구 능동로 346,37.5602505,127.0814843,광진구
구로소방파출소앞교차로,서울 구로구 구로동,37.4942566,126.8846869,구로구
구로신구로지구대 전기차충전소,서울 구로구 새말로 26 신구로지구대,37.5000414,126.8893689,구로구
구일지구대 개방화장실,서울 구로구 도림로 63,37.4892343,126.8906919,구로구
천왕파출소 개방화장실,서울 구로구 오리로 1102-8,37.4834277,126.84181,구로구
신도림치안센터,서울 구로구 경인로59길 67,37.5076278,126.8808675,구로구
고척지구대,서울 구로구 중앙로15길 30,37.5066067,126.8582603,구로구
개봉지구대,서울 구로구 개봉로18길 5,37.4918286,126.8564568,구로구
구일지구대,서울 구로구 도림로 63,37.4892343,126.8906919,구로구
구로3파출소,서울 구로구 디지털로31길 86,37.4877322,126.8918993,구로구
개봉지구대 개방화장실,서울 구로구 개봉로18길 5,37.4918286,126.8564568,구로구
고척지구대 개방화장실,서울 구로구 중앙로15길 30,37.5066067,126.8582603,구로구
신구로지구대 개방화장실,서울 구로구 새말로 26,37.5022496,126.8838927,구로구
오류지구대 개방화장실,서울 구로구 고척로1길 34,37.4948519,126.8388705,구로구
구로1동파출소앞교차로,서울 구로구 구로동,37.4942566,126.8846869,구로구
천왕파출소,서울 구로구 오리로 1102-8,37.4834277,126.84181,구로구
오류지구대,서울 구로구 고척로1길 34,37.4948519,126.8388705,구로구
개봉지구대 개봉치안센터 대여소,서울 구로구 경인로 301,37.4979977,126.8543681,구로구
가리봉파출소,서울 구로구 남부순환로 1275,37.479198,126.8926591,구로구
고척2파출소앞교차로,서울 구로구 고척동,37.5031884,126.858851,구로구
가리봉파출소 개방화장실,서울 구로구 남부순환로 1275,37.479198,126.8926591,구로구
구로3파출소 개방화장실,서울 구로구 디지털로31길 86,37.4877322,126.8918993,구로구
신구로지구대,서울 구로구 새말로 26,37.5022496,126.8838927,구로구
독산파출소,서울 금천구 벚꽃로10길 89,37.4646641,126.8948276,금천구
금천파출소,서울 금천구 시흥대로57길 45,37.4542242,126.8998381,금천구
백산지구대,서울 금천구 탑골로2길 37,37.4510405,126.9125537,금천구
문성지구대,서울 금천구 독산로76길 20,37.4695308,126.9034406,금천구
백산지구대 개방화장실,서울 금천구 독산로50길 105,37.4623263,126.910171,금천구
가산파출소내 개방화장실,서울 금천구 벚꽃로56길 174,37.479919,126.8880499,금천구
가산파출소,서울 금천구 벚꽃로56길 174,37.479919,126.8880499,금천구
당고개파출소 개방화장실,서울 노원구 수락산로2길 77,37.6668756,127.0756417,노원구
노원경찰서 월계지구대 개방화장실,서울 노원구 월계로55길 58,37.6336663,127.0592758,노원구
마들지구대,서울 노원구 한글비석로 489,37.6645815,127.0635837,노원구
상계1파출소,서울 노원구 동일로 1693,37.6796671,127.0550431,노원구
노원역지구대,서울 노원구 노원로 431,37.6550066,127.0669434,노원구
불암지구대,서울 노원구 한글비석로 277,37.6524287,127.0773287,노원구
노원역지구대 개방화장실,서울 노원구 노원로 431,37.6550066,127.0669434,노원구
노원경찰서 상계1파출소 개방화장실,서울 노원구 동일로 1693,37.6796671,127.0550431,노원구
노원경찰서 불암지구대 개방화장실,서울 노원구 한글비석로 277,37.6524287,127.0773287,노원구
월계지구대,서울 노원구 월계로55길 58,37.6336663,127.0592758,노원구
노원경찰서 당현지구대 개방화장실,서울 노원구 노원로17길 64,37.6420263,127.0683655,노원구
화랑지구대,서울 노원구 동일로 1034,37.6225423,127.0745497,노원구
노원경찰서 마들지구대 개방화장실,서울 노원구 한글비석로 489,37.6645815,127.0635837,노원구
당현지구대,서울 노원구 노원로17길 64,37.6420263,127.0683655,노원구
당고개파출소,서울 노원구 수락산로2길 77,37.6668756,127.0756417,노원구
노원경찰서 화랑지구대 개방화장실,서울 노원구 동일로 1034,37.6225423,127.0745497,노원구
쌍문파출소,서울 도봉구 방학로3길 132,37.6575676,127.0380293,도봉구
숭미파출소 사거리 대여소,서울 도봉구 쌍문동 342-4,37.6480381999999,127.0264036,도봉구
숭미파출소사거리,서울 도봉구 쌍문동,37.6533557,127.0271003,도봉구
신창파출소,서울 도봉구 도봉로104길 49-5,37.6435217999999,127.0345748,도봉구
쌍문1동 자율방범대 방범초소,서울 도봉구 쌍문동 434-8,37.6498163,127.0184677,도봉구
창동지구대,서울 도봉구 노해로 392,37.6522878,127.0517221,도봉구
쌍문3치안센터교차로,서울 도봉구 쌍문동,37.6533557,127.0271003,도봉구
도봉1파출소,서울 도봉구 도봉로169나길 4,37.6770927,127.0432257,도봉구
도봉2파출소,서울 도봉구 도봉로180나길 33,37.6839868,127.0492833,도봉구
방학파출소,서울 도봉구 도봉로145길 45,37.6644779,127.0399913,도봉구
신방학파출소,서울 도봉구 방학동 498-12,37.6585014,127.0271436,도봉구
숭미파출소,서울 도봉구 노해로 139,37.6474784,127.0256128,도봉구
전농2파출소,서울 동대문구 전농로38다길 21,37.5863258,127.0542318,동대문구
전농1파출소,서울 동대문구 서울시립대로 56,37.5761361,127.0479386,동대문구
장안2파출소,서울 동대문구 답십리로69길 100,37.5767834,127.0743654,동대문구
장안1동자율방범기동순찰대 장안1파출소,서울 동대문구 한천로18길 52,37.5678069,127.0665062,동대문구
청량리파출소,서울 동대문구 약령시로21길 15,37.5840966,127.0452633,동대문구
이문파출소교차로,서울 동대문구 이문동,37.5994604,127.0632505,동대문구
답십리지구대,서울 동대문구 사가정로2길 9,37.5712809,127.0511477,동대문구
이문지구대,서울 동대문구 한천로 402,37.5964917,127.0681261,동대문구
장안1파출소,서울 동대문구 한천로20길 9,37.5696324,127.0649855,동대문구
제기파출소,서울 동대문구 약령시로17길 59-11,37.5855849,127.0420335,동대문구
회기파출소,서울 동대문구 회기로18길 2,37.5910751,127.0518528,동대문구
용신지구대,서울 동대문구 청계천로 549,37.5728426,127.0372307,동대문구
휘경파출소,서울 동대문구 한천로 266,37.5846694,127.0680102,동대문구
신대방지구대,서울 동작구 신대방1다길 24,37.4866619,126.9059134,동작구
서울동작경찰서 남성지구대,서울 동작구 동작대로43길 22,37.4969264,126.9816716,동작구
흑석지구대 구.노들지구대 개방화장실,서울 동작구 노량진로 248,37.5123933,126.953643,동작구
노량진지구대,서울 동작구 등용로14길 40,37.5117274,126.9335439,동작구
상도지구대 개방화장실,서울 동작구 장승배기로 73,37.5041213,126.9390719,동작구
상도지구대,서울 동작구 등용로 24,37.5064892,126.9358441,동작구
흑석지구대,서울 동작구 흑석로13길 13,37.509369,126.9601429,동작구
사당지구대,서울 동작구 사당로28길 44,37.481604,126.9794826,동작구
사당지구대 개방화장실,서울 동작구 사당로28길 44,37.481604,126.9794826,동작구
대방파출소,서울 동작구 여의대방로 130,37.498567,126.9206022,동작구
용강지구대,서울 마포구 토정로31길 35,37.5425671,126.9430791,마포구
홍익지구대,서울 마포구 양화로11길 63,37.5518627,126.9134473,마포구
연남파출소,서울 마포구 연남로 4,37.5603349,126.9237597,마포구
망원파출소,서울 마포구 망원로2길 63,37.5543305,126.9027303,마포구
서강지구대,서울 마포구 독막로22길 8,37.5473414,126.9292999,마포구
망원2치안센터,서울 마포구 월드컵로31길 18,37.5616173,126.9037373,마포구
노고산치안센터,서울 마포구 신촌로18길 26,37.554495,126.9346984,마포구
월드컵지구대,서울 마포구 월드컵북로30길 24,37.5687535,126.9090424,마포구
상암파출소,서울 마포구 매봉산로 76,37.5782477,126.8938555,마포구
공덕지구대,서울 마포구 마포대로 195-1,37.5517993,126.9540594,마포구
남가좌파출소 개방화장실,서울 서대문구 가재울로4길 51,37.5760219,126.9240678,서대문구
북아현치안센터,서울 서대문구 북아현로 59-1,37.562451,126.9553761,서대문구
홍제파출소,서울 서대문구 통일로 441-1,37.5881612,126.9445399,서대문구
홍은파출소 개방화장실,서울 서대문구 세검정로1길 112,37.5952417,126.946418,서대문구
충정로지구대,서울 서대문구 독립문로 25-1,37.5698922,126.9611209,서대문구
남가좌파출소,서울 서대문구 가재울로4길 51,37.5760219,126.9240678,서대문구
홍은2파출소 개방화장실,서울 서대문구 연희로 298,37.5836756,126.9361657,서대문구
연희파출소,서울 서대문구 연희로25길 73,37.5703278,126.9329029,서대문구
홍은2파출소,서울 서대문구 연희로 298,37.5836756,126.9361657,서대문구
북가좌파출소,서울 서대문구 응암로1길 13,37.5814053,126.9105968,서대문구
홍은파출소,서울 서대문구 세검정로1길 112,37.5952417,126.946418,서대문구
홍은2파출소 옆 대여소,서울 서대문구 홍은동 424-1,37.5834134,126.9363026,서대문구
홍제파출소 개방화장실,서울 서대문구 통일로 441-1,37.5881612,126.9445399,서대문구
북가좌파출소 개방화장실,서울 서대문구 응암로1길 13,37.5814053,126.9105968,서대문구
신촌지구대 개방화장실,서울 서대문구 신촌역로 22,37.5585748,126.9429921,서대문구
신촌지구대,서울 서대문구 신촌역로 22,37.5585748,126.9429921,서대문구
연희파출소 개방화장실,서울 서대문구 연희로25길 73,37.5703278,126.9329029,서대문구
충정로지구대 개방화장실,서울 서대문구 독립문로 25-1,37.5698922,126.9611209,서대문구
양재파출소,서울 서초구 남부순환로356길 9,37.4845428,127.0378441,서초구
서래파출소,서울 서초구 신반포로16길 15-14,37.5015562,126.9980944,서초구
서초파출소,서울 서초구 효령로 297,37.4852897,127.0167473,서초구
서초3파출소,서울 서초구 반포대로30길 40,37.4919865,127.0107859,서초구
이수파출소,서울 서초구 동광로19길 38,37.4941411,126.9888281,서초구
서초2파출소,서울 서초구 서운로 38,37.4875131,127.0289593,서초구
우면파출소,서울 서초구 양재대로2길 106,37.4561028,127.0160228,서초구
남태령지구대,서울 서초구 방배동 442-4,37.4795145,126.982147,서초구
방배1파출소,서울 서초구 효령로31길 64,37.4839725,126.9953204,서초구
내곡파출소,서울 서초구 헌릉로 226,37.454992,127.0648545,서초구
내곡파출소 뒤 정자 대여소,서울 서초구 내곡동 379-1,37.4545962,127.0646281,서초구
반포지구대,서울 서초구 반포동 19-13,37.5058965,127.0050939,서초구
우면치안센터,서울 서초구 바우뫼로 45,37.471845,127.0271792,서초구
응봉파출소,서울 성동구 독서당로 373,37.5498003,127.0300215,성동구
옥수파출소,서울 성동구 독서당로 211 래미안옥수리버젠 상가 내,37.544245,127.0153288,성동구
왕십리도선동자율방범대 왕십리파출소,서울 성동구 무학로 50,37.5687032,127.0316644,성동구
왕십리파출소,서울 성동구 마장로 205,37.5666533,127.0326493,성동구
한양지구대 개방화장실,서울 성동구 사근동길 5,37.5603055,127.041766,성동구
서울숲지구대,서울 성동구 성덕정길 77-2,37.5380443,127.0522756,성동구
성수지구대 개방화장실,서울 성동구 광나루로2길 35,37.5482165,127.055232,성동구
용답파출소,서울 성동구 용답중앙길 49,37.5647745,127.0517491,성동구
용답파출소 개방화장실,서울 성동구 용답중앙길 49,37.5647745,127.0517491,성동구
성수지구대,서울 성동구 광나루로2길 35,37.5482165,127.055232,성동구
행당파출소,서울 성동구 행당로 89,37.5574251,127.0288558,성동구
서울숲지구대 개방화장실,서울 성동구 성덕정길 77-2,37.5380443,127.0522756,성동구
성수지구대,서울 성동구 왕십리로5길 3,37.5463347,127.0443951,성동구
메가MGC커피 성수지구대점,서울 성동구 성수일로12길 26 서울숲 코리아IT센터 1층 102호,37.5478807,127.0538309,성동구
금호파출소,서울 성동구 금호로11길 2-1,37.5547323,127.0196132,성동구
한양지구대,서울 성동구 사근동길 5,37.5603055,127.041766,성동구
길음지구대,서울 성북구 삼양로13길 51,37.6106292,127.0192457,성북구
안암지구대,서울 성북구 지봉로21길 45,37.5866821,127.0166001,성북구
석관파출소,서울 성북구 화랑로32가길 20,37.6089689999999,127.0552581,성북구
장위지구대,서울 성북구 장월로 174,37.6135967,127.0496903,성북구
월곡지구대,서울 성북구 종암로32길 5,37.6043982,127.0324129,성북구
정릉파출소,서울 성북구 솔샘로 111,37.6160838,127.0086109,성북구
정릉2파출소,서울 성북구 정릉로26길 6,37.6045642,127.0107262,성북구
돈암지구대,서울 성북구 아리랑로5길 54,37.5972819,127.0123966,성북구
성북파출소,서울 성북구 성북로 94,37.5932565,126.9985473,성북구
무더위쉼터 석관지구대,서울 성북구 화랑로32가길 20,37.6089689999999,127.0552581,성북구
메가MGC커피 석관지구대사거리점,서울 성북구 돌곶이로22길 79 1층,37.6110644,127.0621566,성북구
석관지구대교차로,서울 성북구 석관동,37.6082694,127.0614872,성북구
종암파출소,서울 성북구 종암로23길 52,37.6000864,127.0312535,성북구
가락지구대 개방화장실,서울 송파구 중대로 179,37.4979534,127.124438,송파구
가락2치안센터,서울 송파구 오금로46길 55,37.4932304,127.1323757,송파구
마천파출소,서울 송파구 마천로41길 8,37.4969882,127.1482966,송파구
오금파출소,서울 송파구 마천로8길 17,37.5068859,127.1280993,송파구
송파위례파출소,서울 송파구 위례순환로 369,37.4778753,127.1458547,송파구
잠실지구대,서울 송파구 올림픽로 101,37.5120841,127.0821495,송파구
문정지구대 개방화장실,서울 송파구 충민로2길 18,37.4782023,127.1269954,송파구
방이지구대 개방화장실,서울 송파구 양재대로71길 5-6,37.5102514,127.1257318,송파구
풍납파출소 개방화장실,서울 송파구 풍성로 42,37.5341551,127.1170847,송파구
가락지구대,서울 송파구 중대로 179,37.4979534,127.124438,송파구
거여파출소,서울 송파구 위례서로 258,37.4877357,127.1424172,송파구
마천파출소 개방화장실,서울 송파구 마천로41길 8,37.4969882,127.1482966,송파구
삼전지구대,서울 송파구 백제고분로 238,37.5027107,127.0927721,송파구
신천파출소,서울 송파구 올림픽로35길 12,37.5201652,127.1123922,송파구
방이지구대,서울 송파구 양재대로71길 5-6,37.5102514,127.1257318,송파구
문정지구대,서울 송파구 충민로2길 18,37.4782023,127.1269954,송파구
풍납파출소,서울 송파구 풍성로 42 1층,37.5341551,127.1170847,송파구
삼전지구대 개방화장실,서울 송파구 백제고분로 238,37.5027107,127.0927721,송파구
잠실지구대 개방화장실,서울 송파구 올림픽로 101,37.5120841,127.0821495,송파구
신정1지구대,서울 양천구 중앙로32길 65,37.5202891,126.8607933,양천구
신월5파출소,서울 양천구 남부순환로31길 37,37.5390442,126.8306805,양천구
신월1파출소,서울 양천구 남부순환로59길 8,37.5320806,126.8322435,양천구
신월2지구대,서울 양천구 지양로 55,37.5197426,126.8349027,양천구
목2지구대,서울 양천구 등촌로 166,37.5445156,126.862375,양천구
신정3파출소,서울 양천구 중앙로 205,37.5149133,126.8550058,양천구
양천경찰서 목1지구대,서울 양천구 목동동로 373,37.5351903,126.8785906,양천구
신정2지구대,서울 양천구 목동로17길 5,37.5244487,126.863509,양천구
중앙지구대,서울 영등포구 영등포로46길 14,37.5180146,126.9075396,영등포구
대림지구대,서울 영등포구 대림로23길 16-1,37.4934202,126.8987265,영등포구
신길지구대,서울 영등포구 노량진로 11,37.5128742,126.9260395,영등포구
문래지구대,서울 영등포구 경인로 759,37.5135703,126.8976399,영등포구
당산지구대,서울 영등포구 당산로 221,37.5336195,126.901288,영등포구
양평파출소,서울 영등포구 선유로 95,37.5227185,126.8897017,영등포구
신풍지구대,서울 영등포구 대방천로 195,37.4991239999999,126.9127739,영등포구
여의도지구대,서울 영등포구 여의공원로 120 1층,37.5260776,126.922483,영등포구
영등포역파출소,서울 영등포구 영신로20길 11,37.5151247,126.9087325,영등포구
대림3파출소,서울 영등포구 가마산로 334,37.4990014,126.8966329,영등포구
이태원파출소,서울 용산구 이태원로 184,37.5342949,126.9944044,용산구
용중지구대용산치안센터 개방화장실,서울 용산구 신흥로 90,37.5459441,126.9854817,용산구
원효지구대,서울 용산구 백범로 329 1층,37.5386609,126.9655062,용산구
용중지구대,서울 용산구 후암로16나길 17,37.5491293,126.9784743,용산구
용산역파출소 개방화장실,서울 용산구 한강대로 198-2,37.5361157,126.9747139,용산구
이태원지구대 개방화장실,서울 용산구 이태원로 184,37.5342949,126.9944044,용산구
한강로지구대,서울 용산구 서빙고로 67 파크타워 1층,37.5242741,126.9706849,용산구
보광파출소,서울 용산구 보광로 25-1,37.5268368,127.0001932,용산구
보광파출소 개방화장실,서울 용산구 보광로 27,37.5267898,127.0001525,용산구
한남파출소,서울 용산구 대사관로34길 53,37.5311996999999,127.0062523,용산구
원효지구대 개방화장실,서울 용산구 백범로 329,37.5386609,126.9655062,용산구
용중지구대 개방화장실,서울 용산구 후암로16나길 17,37.5491293,126.9784743,용산구
삼각지파출소,서울 용산구 한강대로 198-2,37.5361157,126.9747139,용산구
연신내지구대 개방화장실,서울 은평구 갈현동 436-51,37.6239614,126.9164405,은평구
응암3파출소,서울 은평구 응암로 208,37.5905279,126.9175364,은평구
대조파출소,서울 은평구 진흥로13길 3-33,37.609036,126.9257953,은평구
응암3파출소 개방화장실,서울 은평구 응암로 208,37.5905279,126.9175364,은평구
녹번파출소,서울 은평구 진흥로 200,37.6081391,126.9323304,은평구
역촌파출소,서울 은평구 연서로 61,37.6044279,126.9151883,은평구
진관파출소,서울 은평구 진관3로 38,37.6367356,126.9183299,은평구
역촌파출소 대여소,서울 은평구 역촌동 62-21,37.6046529,126.9152797,은평구
투루카 진관파출소 앞,서울 은평구 진관3로 37,37.638198,126.919223,은평구
역촌지구대 개방화장실,서울 은평구 연서로 61,37.6044279,126.9151883,은평구
불광지구대 개방화장실,서울 은평구 연서로 290,37.62146,126.9265859,은평구
신사지구대 개방화장실,서울 은평구 은평로 28,37.5978926,126.9109903,은평구
연신내지구대,서울 은평구 갈현로 195,37.6151923,126.9127048,은평구
응암지구대,서울 은평구 은평로 171,37.6015836,126.9264643,은평구
신사지구대,서울 은평구 은평터널로5길 6,37.5918104,126.9053669,은평구
불광지구대,서울 은평구 연서로 290,37.62146,126.9265859,은평구
응암지구대 개방화장실,서울 은평구 은평로 171,37.6015836,126.9264643,은평구
청운파출소,서울 종로구 자하문로 92-1,37.5841381,126.9705976,종로구
혜화파출소 1층 개방화장실,서울 종로구 창경궁로 279,37.5861068,127.0014054,종로구
옥인파출소,서울 종로구 자하문로17길 24,37.5814725,126.9694271,종로구
덕산파출소 1층 개방화장실,서울 종로구 낙산성곽동길 20-1,37.5744182,127.0093553,종로구
청진파출소 1층 개방화장실,서울 종로구 우정국로 45-3,37.5729767,126.9826646,종로구
청진파출소,서울 종로구 우정국로 45-3,37.5729767,126.9826646,종로구
평창파출소 1층 개방화장실,서울 종로구 평창문화로 42,37.6046909,126.9667829,종로구
동묘파출소,서울 종로구 종로58가길 19,37.5726524,127.0170718,종로구
창신파출소,서울 종로구 지봉로13길 20-12,37.5784788,127.0136459,종로구
효제파출소,서울 종로구 종로41나길 24-6,37.5729461,127.0048693,종로구
청운파출소 1층 개방화장실,서울 종로구 자하문로 92-1,37.5841381,126.9705976,종로구
동묘파출소 1층 개방화장실,서울 종로구 종로58가길 19,37.5726524,127.0170718,종로구
종로경찰서 교남파출소 1층 개방화장실,서울 종로구 교북동 127,37.5706105,126.9625038,종로구
대학로파출소 1층 개방화장실,서울 종로구 이화장2길 33,37.5785962,127.0060393,종로구
종로2가지구대,서울 종로구 종로17길 4,37.5705017,126.9889217,종로구
신문로파출소,서울 종로구 경희궁길 6-3,37.570751,126.9722054,종로구
창신파출소 1층 개방화장실,서울 종로구 창신동 23-875,37.5784788,127.0136459,종로구
교남파출소 1층개방화장실,서울 종로구 송월길 154,37.5719124,126.9619593,종로구
삼청파출소,서울 종로구 삼청로 75-2,37.5823164,126.9815881,종로구
효제파출소 1층 개방화장실,서울 종로구 율곡로14길 43,37.5742644,127.0036352,종로구
교남파출소,서울 종로구 송월길 152,37.5718027,126.9621944,종로구
종로2가지구대 개방화장실,서울 종로구 종로17길 4,37.5705017,126.9889217,종로구
덕산파출소,서울 종로구 낙산성곽동길 20-1,37.5744182,127.0093553,종로구
명륜파출소 1층 개방화장실,서울 종로구 성균관로 54-1,37.5878149,126.9969067,종로구
세검정파출소,서울 종로구 세검정로 226,37.6000351,126.9584514,종로구
"관수파출소 1,2층 개방화장실",서울 종로구 삼일대로15길 19,37.5687218,126.9863674,종로구
혜화파출소,서울 종로구 창경궁로 279,37.5861068,127.0014054,종로구
통의파출소,서울 종로구 효자로 9,37.5767704999999,126.9740008,종로구
통의파출소 1층 개방화장실,서울 종로구 효자로 9,37.5767704999999,126.9740008,종로구
사직파출소,서울 종로구 사직로9가길 6,37.5765667999999,126.9690394,종로구
평창파출소,서울 종로구 평창문화로 46,37.6047609,126.9654294,종로구
신문로파출소 1층 개방화장실,서울 종로구 경희궁길 6-3,37.570751,126.9722054,종로구
온누리파출소개소,서울 종로구 종로 19 B동 1426호,37.5704585,126.9798503,종로구
세검정 파출소 개방화장실,서울 종로구 세검정로 226,37.6000351,126.9584514,종로구
옥인파출소 1층 개방화장실,서울 종로구 자하문로17길 24,37.5814725,126.9694271,종로구
서울종로2가우체국,서울 종로구 종로17길 8,37.570684,126.9889566,종로구
대학로파출소,서울 종로구 이화장2길 33,37.5785962,127.0060393,종로구
종로5가파출소,서울 종로구 동호로 407,37.5707326,127.0016342,종로구
종로5가파출소 1층 개방화장실,서울 종로구 동호로 407,37.5707326,127.0016342,종로구
관수파출소,서울 종로구 삼일대로15길 19 1층,37.5687218,126.9863674,종로구
명륜파출소,서울 종로구 성균관로 78,37.5892963999999,126.9976135,종로구
신당파출소1층 남녀1 개방화장실,서울 중구 다산로 248,37.5650444,127.0163807,중구
을지로3가파출소,서울 중구 충무로 56-1,37.5661811,126.9928486,중구
충무파출소 남녀 개방화장실,서울 중구 퇴계로 178,37.5608522,126.9915765,중구
신당파출소,서울 중구 다산로 248,37.5650444,127.0163807,중구
장충파출소 1층 개방화장실,서울 중구 동호로 261,37.5588159,127.0048761,중구
중림파출소,서울 중구 중림로 36,37.5578847,126.9671311,중구
서소문파출소 개방화장실,서울 중구 서소문로 131-1,37.5638544,126.975449,중구
세종로파출소,서울 중구 세종대로 141,37.5689364,126.9764239,중구
태평로파출소 개방화장실,서울 중구 다동길 11,37.5680342,126.9800551,중구
서울역파출소 개방화장실,서울 중구 통일로 15,37.5562987,126.9718126,중구
회현파출소 개방화장실,서울 중구 퇴계로6길 3-15,37.5584538,126.9786466,중구
을지로3가파출소 1층 개방화장실,서울 중구 충무로 56-1,37.5661811,126.9928486,중구
중림파출소 개방화장실,서울 중구 중림로 36,37.5578847,126.9671311,중구
명동파출소 동판,서울 중구 명동길 30,37.5635808,126.983966,중구
회현파출소,서울 중구 퇴계로6길 3-15,37.5584538,126.9786466,중구
"약수지구대 남,녀 1층 개방화장실",서울 중구 을지로 234,37.5664707,127.0039404,중구
남대문파출소,서울 중구 남대문시장4길 28-16,37.5594216,126.9762398,중구
권이파킹 남산파출소 공영주차장,서울 중구 회현동1가 산 1-2,37.5546632,126.9827338,중구
광희지구대,서울 중구 퇴계로 375-1,37.5652432,127.0133851,중구
약수지구대,서울 중구 동호로5길 15,37.5521517,127.0123555,중구
을지지구대,서울 중구 퇴계로49길 13 1층~3층,37.5630721,127.0001526,중구
광희지구대 남녀 1 개방화장실,서울 중구 퇴계로 375,37.5656472,127.0130478,중구
서울역파출소,서울 중구 통일로 15,37.5562987,126.9718126,중구
명동파출소,서울 중구 명동길 30,37.5635808,126.983966,중구
태평로파출소,서울 중구 다동길 11,37.5680342,126.9800551,중구
장충파출소,서울 중구 동호로 261,37.5588159,127.0048761,중구
"을지지구대 남1층, 여1층 개방화장실",서울 중구 퇴계로49길 13,37.5630721,127.0001526,중구
세종로파출소 교통정보센터,서울 중구 세종대로 141 2층,37.5689364,126.9764239,중구
남대문파출소 개방화장실,서울 중구 남대문시장4길 28-16,37.5594216,126.9762398,중구
세종로파출소 개방화장실,서울 중구 세종대로 141,37.5689364,126.9764239,중구
서울역파출소 대여소,서울 중구 봉래동2가 124,37.5571241,126.9717569,중구
남산파출소 노상공영주차장,서울 중구 회현동1가 산 1-16,37.5551619,126.9827748,중구
서소문파출소,서울 중구 서소문로 131-1,37.5638544,126.975449,중구
충무파출소,서울 중구 퇴계로 178,37.5608522,126.9915765,중구
중화지구대 개방화장실,서울 중랑구 중랑천로 146,37.5979964,127.0722033,중랑구
면목본동파출소 개방화장실,서울 중랑구 상봉로 27,37.5882137,127.0939012,중랑구
상봉파출소,서울 중랑구 중랑천로 69,37.5913362,127.0728434,중랑구
면목삼팔파출소,서울 중랑구 사가정로41길 45,37.5831943,127.0841512,중랑구
상봉파출소 개방화장실,서울 중랑구 중랑천로 69,37.5913362,127.0728434,중랑구
용마지구대,서울 중랑구 동일로 566,37.5799415,127.0810446,중랑구
망우지구대 개방화장실,서울 중랑구 망우로 391,37.5990933,127.0956749,중랑구
서울중랑경찰서 교통정보센터,서울 중랑구 동일로 849 1-2층,37.6062536,127.0782668,중랑구
중랑경찰서시민경찰,서울 중랑구 면목동 1503-4,37.5911116,127.0859017,중랑구
용마지구대 B 대여소,서울 중랑구 면목동 168-2,37.5799415,127.0810446,중랑구
먹골파출소,서울 중랑구 숙선옹주로7길 1,37.6146259,127.0815386,중랑구
봉화지구대,서울 중랑구 신내로 177,37.614796,127.0955609,중랑구
면목본동파출소,서울 중랑구 상봉로 27,37.5882137,127.0939012,중랑구
봉화지구대 개방화장실,서울 중랑구 신내로 177,37.614796,127.0955609,중랑구
망우지구대 대여소,서울 중랑구 망우로 400,37.5987098,127.0966238,중랑구
망우지구대,서울 중랑구 망우로 391,37.5990933,127.0956749,중랑구
용마지구대 A 대여소,서울 중랑구 동일로 555,37.579957,127.0792828,중랑구
면목삼팔파출소 개방화장실,서울 중랑구 사가정로41길 45,37.5831943,127.0841512,중랑구
중화지구대,서울 중랑구 중랑천로 146,37.5979964,127.0722033,중랑구
먹골파출소 개방화장실,서울 중랑구 숙선옹주로7길 1,37.6146259,127.0815386,중랑구
